"","Species","Model","AIC","dAIC","Beta","SigmaR","ABC_1yr","ABC_2yr"
"1","Cod","Base",6660.28976470456,2.18934811227155,0,1.02308158473789,9266.05677511325,13012.7365291929
"2","Cod","Winter_lagged1_GOADI",6659.81524109983,1.7148245075432,0.0858738246958767,0.990129526820901,9430.01448209092,13188.313284849
"3","Cod","Spring_lagged1_GOADI",6660.04702577336,1.94660918107184,0.0544786734557669,0.992341765087914,9440.44046090157,13208.3971580358
"4","Cod","Summer_lagged1_GOADI",6659.89548084411,1.79506425182171,0.102971900441902,0.990466741983528,9438.17892031365,13190.361705782
"5","Cod","Winter_lagged1_NGAO",6659.54447343309,1.44405684080539,-0.116955450594389,0.987927515730176,9391.88122318608,13161.5714846895
"6","Cod","Spring_lagged1_NGAO",6658.40719420492,0.306777612632686,-0.200798685829269,0.979646305016217,9364.81099212324,13178.0470607859
"7","Cod","Summer_lagged1_NGAO",6658.10041659228,0,-0.207954445621331,0.977438787344004,9324.91628121861,13158.5839502387
